Name,Review,Star,Helpful,Problem
E***n,Sesuai pesanan.. thank ya..,5,0,gada
A***s,"bagus, murah, pengiriman cepet. ga ada kurang. TOP",5,0,gada
exKado,"Gw beli buat naik busway. Giliran mau berangkat, lupa narohnya dimana ğŸ¤£ğŸ¤£ oh dirikuâ€¦.",5,0,gada
melani,ğŸ’¯ğŸ’¯,5,0,gada
Soehartono,lumayan bagus dan cepat sampai,5,0,gada
Bear,beli brg ga ada dan kecewa banget kayak orang ngemis karena uang ga direfund2 tau nggak? udah di wa ga direspon. bales e cuman sebentar kak sebentar kak. ya ampun ya ampun.. ğŸ˜ŠğŸ˜ŠğŸ˜Š,1,1,gada
Martin,"pengiriman cepat, sayangnya kualitas kurang bagus, case agak longgar di HP XR saya, akhirnya gak di pakai karena gak pas",2,0, Kualitas barang bermasalah
c***e,Agak melar ... tapi ok lah,5,0,gada
V***i,"Bagus banget , kayak gk pake casingğŸ¥°",5,0,gada
Safrizal,"pengiriman cepat, packing mantab, barang berkualitas",5,1,gada
Muhammad,"Bagus, tipis tapi kuat",5,0,gada
A***a,bagus,5,0,gada
wikansw,Good,5,0,gada
Ragil,Casenya mememuaskan thnksğŸ‘,5,0,gada
I***a,"Sumpah barang nya sebagus itu sih bahannya tebel, pake ini jadi kaya hp baru lagi hihihi dan muat 2 kartu, tapi tolong ekspedisi nya jangan si cepat nama aja cepat nyampe nya lama, dikomplain baru dikirim",5,0,gada
Ahmad,Baguuuus manteppp. sukaak,5,0,gada
Darwono,barang bagus sesuai pesanan oke terima ksoh,5,0,gada
Muhammad,"Kualitas case bagus, cuman packagingnya aja yg kurang menarik jadi terkesan murahan",4,0,gada
R***y,jajsndjdjndjdndnejsjsnkslakansjsnbsnsjs ajaiajajakjajakakanajaia mantap,4,0,gada
G***i,barang bagus dan murah,5,0,gada
Tius,harga terjangkau. produk berkualitas. mantepp,5,0,gada
v***i,Baguss,5,0,gada
Tressia,Lumayan bagus,4,0,gada
J***y,baguusss.. Amaaan...,5,0,gada
B***n,Terima kasih,5,0,gada
b***e,"Ok, si cm yg saya order cm 2 yg bener, yg 3 lg jd ga kepake ini, karena seri + semua, harus nya 6 biasa & 7 biasa",4,1,gada
Rifqi,"barnag keren, plus dapet nomor perdana cantik",5,0,gada
IA,"puas bangett, padahal cuma beli 2 barang murah, tapi dikasih bonus",5,0,gada
M,Cakepp casenya ğŸ¤™ğŸ¤™ğŸ¤™,5,0,gada
M***d,"Casenya bagus, bahan oke, sesuai dengan deskirpsi",5,1,gada
A***r,gada,1,0," Kemasan tidak aman, Pengiriman lama"
Yugi,Sesuai,5,0,gada
Muhammad,gada,1,0," Tidak lengkap/salah kirim, Pelayanan penjual kurang, Pengiriman lama"
P***s,bagus sesuai deskripsi,5,0,gada
N***a,Gercep. Ga kuning.,5,0,gada
m***m,Barang yang di kirim tidak sesuai walaupun sudah si chat stok kosong Harusnya di update untuk stoknya kakak,2,0, Tidak lengkap/salah kirim
E***n,"barangnya keren, seller good fast respon, rekomend",5,0,gada
A***n,Mantap case nya,5,0,gada
Charoline,gada,5,0,gada
M***a,nice bgt!,5,0,gada
R***n,Pengiriman ekspress,5,0,gada
y***a,Banyak banget bonusnya minğŸ˜‚,5,0,gada
Rheza,Hp jadi terindungi,5,0,gada
Nanang,"yg diceckout ternyata kosong tapi malah diganti yg lebih bagus harga lebih mahal, tapi gak nambah duit wkwkw makasih banget",5,0,gada
M***H,saya kira ada slot ekstranya ternyata hanya bolongan buat masukin kartu ke belakang hape. tapi casingnya tebel kok oke lah,5,0,gada
Anys,bagussss dapet kartu juga,5,0,gada
h***a,mengonge,5,0,gada
Anang,cuma beli 1 tp ada BONUSnya,5,0,gada
A***a,Barangnya bagus harga terjangkau dpt free perdana lagi,5,0,gada
Novita,Gercep banget,5,0,gada
F***a,bagusssss bangeeeettt. dapet bonus nomor smartfren juga. makasih ya. seneng banget semoga sering promo,5,0,gada
A***e,"pengiriman cepat, barang bagus/sesuai. thanks bonus sim card-nya.",5,0,gada
Dikwan,"fast respond, barang bagus, recommended seller",5,0,gada
F***s,Respon penjual sangat baik,4,0,gada
Fiansyah,Makasih bonus kartu perdana nya ğŸ‘ğŸ¿ğŸ˜,5,0,gada
roky,Keren dapat bonus juga lho,5,0,gada
m***u,"terimakasih kak, casenya sesuai dan dapet free kartu dan kuotaa.. toko amanah",5,0,gada
Audrey,Good,5,0,gada
Jeremia,"Barang diterima baik. Build quality bagus, jejak minyak sidik jari mudah nempel. Untuk material sepertinya akan cepat menguning. Tapi ga masalah, untuk harga segitu udah worth",5,0,gada
Hamzah,So so lah,3,0,gada
J***n,Oke,4,0,gada
g***a,"Not bad lah, sesuai harga. Mana dpt diskon jg wkwk",5,0,gada
O***y,"paket mendarat sangat sempurna, packing aman. bubble wrap, dapet bonus juga kartu perdana smartfren. nice ğŸ‘ğŸ‘ğŸ‘â­ï¸â­ï¸â­ï¸â­ï¸â­ï¸",5,0,gada
R***a,"mantap,, barang sesuai pesanan. ada ralat tp sellernya ngeinfo dulu. mantap pokonya...",5,0,gada
firginia,"case nya oke, syuka ğŸ¥°",5,0,gada
Cevlok,bagus,5,0,gada
Muhammad,yang dikirim salah seharusnya iphone 8 biasa malah yg dikirim buat ip 8 plus,1,0, Tidak lengkap/salah kirim
g***a,Bagus bgt ğŸ¥¹,5,0,gada
Mochammad,Sesuai,5,0,gada
Susanto,Ok case nya pas,5,0,gada
D***a,"yaa ok lah,",4,0,gada
J***e,thank you bgt dapet free kartu smartfren wkwkw,5,0,gada
Rachmad,barang di terima dgn baik... mantabssss...,5,0,gada
wahyuhd,"mantap banget seller keren banget, beli case dapet perdana. untuk case iphone xr pas bnget lubang2 presisi dan ga nutupin flash dan kamera",5,0,gada
versyla,"Sesuai dengan foto, dikasih bonus lagi ğŸ‘ğŸ»",5,0,gada
Andy,Mantappp,5,0,gada
Ree,Pengiriman cepat harga bersahabat,5,0,gada
W***y,mantap,5,0,gada
Gustomi,gada,2,0, Kualitas barang bermasalah
Mahar,goood,5,0,gada
Yani,Bagus.,5,0,gada
a***a,Mantap casenya suka bgt pokoknya,5,0,gada
N***a,Bagus ini bisa masukin krtu tp sayang kamera blkg ga ke cover itu aja kurangnya,5,0,gada
Hanandito,ga ada bonus nya,2,0, Tidak lengkap/salah kirim
Ahmad,"barang bagus, pas buat kartu atm dan semacamnya. cuma menurut saya bahannya ketipisan, kalo lebih tebel kayaknya lebih bagus. cuma buat harganya mantap bgt sihğŸ‘",5,1,gada
Yoga,gada,5,0,gada
Yoga,gada,5,0,gada
R***i,"Puasss bgttt,dpt kartu gratis lagiğŸ«¶ğŸ»ğŸ«¶ğŸ»",5,0,gada
Dewi,Bagussss next beli disini lagii,5,0,gada
sandra,baguss.. dpt bonus kartu perdana jugaa,5,0,gada
M***n,"barang ok, pengiriman agak lama",4,0,gada
Muhammad,Mantap case nya bagus dapet bonus kuota pula thx min,5,0,gada
s***i,Bagusssssssssssssssss,5,0,gada
H***a,"Ternyata case nya seperti dipotong saja untuk tempat kartu, tp ok lha sangat berguna",5,0,gada
T***a,"Case bagus, tebel. Makasi buat bonusnya",5,0,gada
Melyah,gada,5,0,gada
Fabiano,worth to buy.,5,0,gada
Daffa,bagus dapet perdana pula,5,0,gada
F***a,"bahannya bgs & lembut, pengirimannya cepat banget, murah pula",5,0,gada
Ustajah,"Mantaaaapppzzzz makasih kak,,,",5,0,gada
Ratu,"Respon penjual cepat dan ramah, pengiriman cepat, kualitas produk sesuai, harga sesuai, pacing rapih dan aman",5,0,gada
N***a,Realpict,5,0,gada
Audina,Bagus banget,5,0,gada
Haryono,barang bagus,5,0,gada
Aldi,"Mantapp beli case dapet bonus kartu perdana, terimakasih admin.",5,0,gada
I***l,Murah ga murahan,5,0,gada
c***l,"barang bagus, trs dapet bonus kartu juga ahahah kaget awal bukanya kok ada bonus nu",4,0,gada
S***a,"Cassingnya simpel,ada pocket kartunya juga bagusss,niceee dh pokoknyağŸ‘ğŸ»",5,0,gada
f***r,mantapppp,5,0,gada
Reza,gada,5,0,gada
m***m,bagus banget tebel lagi bahannya,5,0,gada
Alwi,Oke,5,0,gada
D***h,langsung dipakai,5,0,gada
e***a,good,5,0,gada
Silvia,gada,5,0,gada
G***s,ğŸ‘,5,0,gada
K***y,"gokil parah, gw dikasi bonus kartu sim smartfren dengan kuota gratis, makasih banyak bro, sukses terus ğŸ‘ğŸ»ğŸ™ğŸ»",5,0,gada
A***a,"udah terpakaii casenya, seperti layaknya clear case tp kirain pocketnya bakal timbul gituu trnyata pocketnya kyk case dikasih lubang aja ğŸ˜…",5,0,gada
Zhafir,Sesuai deskripsi,5,0,gada
Popo,"OK Punya, pas dan mantap",5,0,gada
Bimo,Bgs bgt ygy,5,0,gada
P***t,bagus barangnyaa sesuai dan pengirimannya cepat,5,0,gada
J***e,ok,5,0,gada
Sangkala,Mantap banget,5,0,gada
I***i,Barang oke bagus. Cuma kecewanya card holdernya nggak ada lapisan lagi langsung kena body handphone. Harus dilapis pake anti gores lagi biar ga lecet hpnya,5,1,gada
Fakhruzi,murah bagus oke,5,0,gada
Sayful,siiiplah barang nya,5,0,gada
R***a,"Bagian dalam casing textured. Slot kartu pas untuk ukuran kartu standar dan foto instax mini. Slot kartu terlalu longgar dan ga terlalu ngepas jadi kartunya ga jatuh2 namun tetap mudah untuk di-slide out kalau mau ngeluarin. Setiap sudut ada semacam shock absorbing bumper gitu yg ga terlalu besar seperti kebanyakan soft case, bikin lebih nyaman digenggam karena tidak mengganjal. Bagian dalam case textured. Karena murah, jangan ekspektasi untuk tahan ga yellowing. Tapi kualitasnya tetap bagus. Pemesanan langsung diproses dan dikirim cepat oleh seller. Case yg dikirim juga sesuai dengan desain dan tipe HP yg dipesan. Thank you!",5,1,gada
Wiki,Berasa hp baru lagi mantep bagus dan murah ğŸ”¥ğŸ”¥,5,0,gada
H,"sangat puas, Brg Cepat dtng",5,0,gada
Gilang,Terima kasih bonusnya kak ğŸ‘,5,0,gada
m***m,Bagus clear,5,0,gada
Eka,"Keren, pengiriman juga cepat 2 hari sampai",5,0,gada
Risfiandi,"mungkin kedepannya lebih teliti lagi kak, saya pesen yg iphone 8 dikirim yg 8+",5,0,gada
Ghifari,"sebenernya bagus, sayang aja slot kartunya tembus nyentuh body iphonenya langsung. yang ada malah takut bikin body belakang iphonenya baret. akhirnya ga jadi pake.",5,0,gada
M***d,Packing aman pengiriman cepat ternyata dapet bonus kartu kuota internet juga terimakasihğŸ™ğŸ»,5,0,gada
s***i,Mantaap + Bonus,5,0,gada
V***n,"Cepet banget ngirimnyaa, manteppp",5,0,gada
Furqon,gada,5,1,gada
I***z,Selalu puas dengan tokped Cepet nyampe,5,0,gada
Nico,Sesuai,5,0,gada
joko,Joss,5,0,gada
s***a,ğŸ‘ğŸ¼âœ¨,5,0,gada
V***s,MantappppğŸ”¥,5,0,gada
D***n,Mantapppp sukses selalu,5,0,gada
Z***i,Ok,5,0,gada
Danil,dapet free kartu perdana heheh malasih,5,0,gada
Dio,"Keren si, beli case 10.000 dapet bonus kartu perdana juga",5,0,gada
Y***l,barang bagusğŸ‘ğŸ¼,5,0,gada
Alfonsus,"harganya murah, kualitas nya oke, tapi memang agak tipis ğŸ™‚",5,0,gada
Annisa,Realpuc,5,0,gada
Adhi,gada,5,0,gada
Muhammad,Mantapp cepat aman dapat bonus kartunsmart pren jg thank youu,5,0,gada
dimas,excellent services,5,0,gada
Chikal,hehehe gemes bisa buat naro kartu tp tak taro nya pc heheheh thankyouuuu,5,0,gada
M***i,Nankak kanannshsn kdndndms jsnsndhsnd jsnsndj,5,0,gada
F***n,Sesuau ekpektasi,5,0,gada
i***a,thank you kaak,5,0,gada
Gian,oke,5,0,gada
Rivalz,"Pengiriman ngaret sampai komplain dichat, tapi adminnya sabar dan tanggung jawab dengan dikirim bonus juga. Next time perhatikan lagi update pengirimannya. Pelayanan ramah untuk barangnya bagus rekomended. Terimakasih",5,0,gada
Angga,Mantabbbb... recommended seller,5,0,gada
Calvin,"Bagus barang Sesuai Req, Dapet bonus smartfren thank you Seller",5,0,gada
J***n,Kualitasnya bagus ğŸ‘ğŸ‘ğŸ‘ Nyaman digenggaman!,5,0,gada
Rudy,Salah kirim order iphone xr di kasih samsung,1,0,gada
Sultan,undervalued item!,5,0,gada
a***z,Good,5,0,gada
Alvin,gada,5,0,gada
Toni,Alhamdulillah...mantap boss,5,0,gada
G***a,Bagus,5,0,gada
Ginanjar,"Mantap barangnya sesuai pesanan, pas di hape, dan dpt bonus kartu juga nii mantap sellernya",5,0,gada
IBNU,mantap banget ka,5,0,gada
Sayu,Murah dan bagus,5,0,gada
m***a,Terima kasih banyak juga yang beningnya bagus juga loh ini bagus juga ko,5,0,gada
Gilang,Aman aza,5,0,gada
N***e,Nyampe nya cepet ğŸ‹ï¸â€â™‚ï¸,5,0,gada
A***y,Bagus walo murah,5,0,gada
Ditya,nice,5,0,gada
R***E,Bagus depat bonus terimkasih,5,0,gada
Fatur,Terimakasih seler ramah banget,5,0,gada
Anang,terimakasih bonus nya,5,0,gada
Mochamad,Puas!,5,0,gada
Agus,Terimakasih atas bonus nyaâ­ï¸â­ï¸â­ï¸â­ï¸â­ï¸ğŸ˜ğŸ˜,5,0,gada
A***s,barang sesuai lpengiriman crpat,5,0,gada
j***n,Pengiriman lamaâ€¦sblm order dtanya dl apa bs dkirim hari yg sm & seller mnjawab bisa..tau nya lusa baru dprosesâ€¦case nya ga trllu pnting..tp konsisten dlm proses yg sgt mngecewakan.,1,1,gada
Yeni,wahh gilaa cakep parahh bakalannn orderr lagiii ğŸ˜­ğŸ¥°â¤ï¸ love caseayanganğŸ˜,5,0,gada
Stephen,"Barangnya mantep bgt sesuai deskripsi! Pengiriman super cepat 1 hr lgs sampai! Di berikan bonus jg pula, super baik ini seller gk salah uda bbrp kali belanja di toko ini.. di tunggu order selanjutnya ya!ğŸ™",5,0,gada
Ahmad,Bagus dan dikasih bonus sama kakak nya paket internet,5,0,gada
Rohman,bagus. pas cocok.,5,0,gada
Olyy,"Bagus bgt ka, makasih.",5,0,gada
B***y,Mantab dapet bonus nomor wkwk,5,0,gada
N***a,gada,5,0,gada
Asri,baguss dpt bonus lg,5,0,gada
Nissa,Sukaa bgtt sama casing nya dapet pulsa. JugaağŸ’—,5,0,gada
Devi,Thank u bonus kuota perdana nya kaaa . Cpt bgt sampe kurir pun mantap walau hujan,5,0,gada
T***k,"Senang berbelanja disini, bonus smartfren nya Tidak bisa di jangkau di Daerah sayağŸ¥²",5,0,gada
Nur,"cepat pengiriman, barang bagus, harga promo, dikasih bonus kartu terima kasih banyak sukses trs ya",5,0,gada
I***y,Cukup ok dan bagus,5,0,gada
Revekka,"Sesuai Gambar Dan Deskripsi, Kualitas Jos Ditambah Pengiriman Yang Cepat + Packing Yang Rapih Hehe",5,0,gada
V***a,Packing rapih Pengiriman cepat Dikasih bonus pula ğŸ‘ŒğŸ¼,5,0,gada
miaaaaa,makasi angpaonya ğŸ˜‚ğŸ˜‚ğŸ˜‚,5,0,gada
n***o,Pesen 2 yg dateng 1 penggantinya dikasih kartu perdana smartfren wtf ????,3,0,gada
Olivia,Thanks bangetttt atas bonusnya yak...liked it,5,0,gada
Sanat,Barangnya bagus dan sesuai ekspektasi,5,0,gada
S***a,"Puas banget. Awalnya khawatir ga presisi sama Camera dan light nya, ternyata pas. Bahannya juga ga terlalu tebal dan keras, jd nyaman dipake nya. Admin ramah banget.. cus order next barang disini..",5,0,gada
Ikin,"Paking rapi pengirimin cepat,lhasiat lumayan",5,0,gada
Manasye,KUALITAS SANGAT BANGUS CUMA SAYANG PAS SAMPE HP SAYA SUDAH DIMALING ORANG JADI GAK BISA DI PAKE MAU CANCEL TPI KURIR SANGAT GESIT KIRIM PAKETNYA.,5,0,gada
Bambang,"barang nya bagus dan dapet bonus kartu Smartfren mksh bnyak TPI slh krim csing nya. tpi GX apa"" buat tmn jh mksh",5,0,gada
Joni,Barang bguss,5,0,gada
Frydha,Bintang 6,5,0,gada
D***i,Mantul bagus kokoh packing aman,5,0,gada
Adib,Mantapp di kasih bonus ğŸ’•ğŸ‘ŒğŸ»,5,0,gada
Dahlia,Bgs deh. Syuka,5,0,gada
Asmara,Bagus.,4,0,gada
Nur,Ternyata salah pilih tipe hp wkwkw pdhl hpku 6s eh jd 6pls tp gpp,4,0,gada
H***a,Manful!,5,0,gada
D***n,Bagus banget sesuai dengan gambarnyağŸ‘ğŸ¼ğŸ‘ğŸ¼ Dan dikasih bonus kartu sim smartfrenğŸ‘ŒğŸ¼,5,0,gada
a***z,Mantap gratis perdana wkwk,5,0,gada
R***a,Bagus seusai,5,0,gada
Asyiqah,Pengiriman super cepaaat,5,0,gada
Shierly,cocok,5,0,gada
R***o,"Keren, sesuai foto & deskripsi, untuk lobang buat kamera, speaker, dll, juga pas banget",5,0,gada
A***A,bgs<3,5,0,gada
S***y,bagus!!,5,0,gada
m***l,Mantap bening jadi seperti baru lagi,5,0,gada
M***i,"ğŸ‘ğŸ‘ğŸ‘ğŸ‘ Mantanpp Jaya, Langsung dipakaii",5,0,gada
A***i,Mangtap,5,0,gada
B***s,pas cocok....,5,0,gada
I***l,"barang ok, harga murah tp kualitasnya ga kalah sama yg ratusan ribu. defines will repurchase if barangnya nanti udah jelek krn pemakaian. sukses selalu utk sellernya. GBU",5,0,gada
D***h,"ok, barang sesuai pesanan, lgsg dipakai, tp kartu transport tidak bisa lgsg ditap di mesin (harus dilepas dr casing) krn tidak terbaca. nmapknya plastiknya cukup tebal",5,0,gada
Wahyu,Bahannya bagus dan presisi. Respon seller dan pengiriman juga cepat. Reccomended banget. Thank you for the good service caseayangan. ğŸ‘ğŸ»ğŸ‘ğŸ»ğŸ‘ğŸ»,5,0,gada
R***a,bagus murah dan bisa digunakan juga ok lah ya,5,0,gada
Derry,biasa aja,3,0,gada
Agung,Pengiriman lama,1,0,gada
R***y,Murah. Enak dipegang,5,0,gada
HERRY,Oke bgt,5,0,gada
R***T,"Bagus pas dan keren banget warna nya, seller nya juga ramah, recommend buat toko ini. Makasihhhhhhhhh",5,0,gada
Alan,pas dan bagus.,5,0,gada
Harry,Kualitas produk sangat baik. Harga produk sangat baik. Kecepatan pengiriman sangat baik. Packing baik.,5,0,gada
Bunga,"Terimakasih, barang sesuai deskripsi. Semoga semakin sukses",5,0,gada
I***l,Mantabs harga murah tp kualitas gak murahanâ€¦recommended,5,0,gada
maya,"barang sesuai,pengiriman cepat",5,0,gada
Egi,"walaupun produk yg dipesan tidak tersedia, admin nawarin alternatif dan barangnya oke. semoga diamond nya nambah terus, tks",5,0,gada
G***a,Recommend bgt sii,5,0,gada
l***i,yess,5,0,gada
Ade,"Mantab, kualitasnya bagus. Semoga ga cepat kuning",5,0,gada
Ivan,"Barang sesuai deskripsi, harga terjangkau, semoga ga gampang kuning dan awet",5,0,gada
Praz,â€¦Trims barang sudah diterima,5,0,gada
F***z,Barang biasa aja sesuai dengan harga okelah,3,0,gada
Seka,"Respon toko lambat, barang saya 3 hari di pendap baru dikirim, tau nya barang kosong, kalau tau kosong jgn bilang ready bos",2,0,gada
A***g,Casenya cuteeeğŸ¥°,5,0,gada
H***y,Casenya mantap,5,0,gada
N***a,pengiriman sangat cepat sangat cepat murah juga harganya,5,0,gada
Ferri,Harga sesuai kualitas ğŸ‘,4,0,gada
A***n,barang tidak sesuai pesanan minta produk untuk iphone 7 malah di kasih untuk produk lain.,1,0,gada
R***d,bagus,5,0,gada
Maulana,Sesuai ekspetasi,4,0,gada
albert,"Ya barang stok lama sih. Selain kotor, packaging ya seadanya banget",1,0,gada
Sintia,Bagus banget casenya,5,0,gada
F***z,Barang biasa aja cuma rada tebal tapi ya okelah sesuai harga..,3,0,gada
Y,Bagus barangnya dan cepat pengirimannya,5,0,gada
kelfin,bagus bangett real pict,5,0,gada
Antoni,Mayan juga barangnya,5,0,gada
Akhmad,sangat lumayan untuk harganya. case nya pas. makasih.,5,0,gada
Dina,"Produk bagus, pengiriman cepat, harga murah",5,0,gada
E***Y,"Pengiriman cepat , kualitas original , harga terjangkau, sesuai pesanan, sesuai gambar, terima kasih",5,0,gada
Nurul,Mantapp,5,0,gada
Jessica,Favorit deh casing ini krn enak ada tor kartunya di blakang,5,0,gada
Ruth,Bagus.,4,0,gada
Evi,bagus Terima kasih,5,0,gada
A***u,Good. Sesuaiâ¤ï¸,5,0,gada
P***k,Bagus cpt datangnya seller rama thanks,5,0,gada
Abc,gada,5,0,gada
Andris,Mantap bang bagus bgt ğŸ˜ŠğŸ™ğŸ»,5,0,gada
fr,Bagus,4,0,gada
ananta,presisi,5,0,gada
I***a,gada,5,0,gada
Aldi,selalu puas,1,0,gada
Aditya,Jos banget,5,0,gada
SUGIYANTI,Luvvvv,5,0,gada
husnul,baguss,5,0,gada
dimas,Mantap & puas pelayanan,5,0,gada
Sohib,sesuai pesanan pengiriman cepat respon seller baik dan cepat tanggap,5,0,gada
Dao,Recomended seller... Pelayanan prima... Pengiriman Cepat.... Packing rapi.... Ditunggu juga penilaian positif nya....,5,0,gada
Maulana,Okee barangnya mantaappppâ€¦,5,0,gada
H***n,Mantappâ€¦,5,0,gada
D***A,Bagus dan sesuai pesanan,5,0,gada
Jihan,Sleek dan simpel. Shockproof case utk iPhone 7 ini semoga memberikan perlindungan ekstra.,5,0,gada
Leo,Kualitas barangnya sangat baik dan harga yg terjangkau,5,0,gada
A***a,Ajib dan termurah,5,0,gada
Ferdian,Yang datang uang ğŸ˜ƒ,4,0,gada
D***a,"Sesuai gambar, sangat memuaskan",5,0,gada
Tito,Cakep barangnya,5,0,gada
y***a,Barang memantul Memang mantap betul Bisa buat naro kartu tapi cuman atu,5,0,gada
R***y,barang diterima dengan baik,5,0,gada
daphnis,Barang bagus,5,0,gada
A***d,Bagus,4,0,gada
Yudith,"Kereen, jadi elegan lagi iphone 6 ku",5,0,gada
Rhyna,Adminnya baik banget.... kalau chat balesnya cepat.,5,0,gada
M***a,respon penjual fast,5,0,gada
S***h,"cocok bgt case ini buat iphone 7 saya. terutama kalo mau travelling, biar bisa selip ktp di blkg hape pas check in dibandara dan juga selip kartu hotel pas mau makan diluar. mantapp",5,0,gada
f***y,bagus bgtttt pengemasan juga pengiriman cepet bgtttt,5,0,gada
Maharani,"Barang sudah diterima lebih awal dr estimasi pengiriman Case overall ok, namun lubang camera kurang tepat dikit Tks",3,0,gada
Imron,Barang bagusğŸ”¥ğŸ”¥ğŸ”¥,5,0,gada
Astri,Pas banget dan baguuusss. Jadi ga khawatir ketinggalan kartu emoney lagi. Maaf ga ada fotonya soalnya barang langsung dipake hehe,5,0,gada
A***a,gada,5,0,gada
Yuliana,"casingnya bagus,bening dan pas di iphone. harganya jg murah. makasi seller",5,0,gada
Teddy,barang diterima dgn baik.pengiriman cepat,5,0,gada
Armytanti,Mantab banget. Barang cepet sampe. Kualitasnya bagus,5,0,gada
Octaria,bagusss sukaağŸ’šğŸ’šğŸ’š,5,0,gada
J***n,Seller ramah,5,0,gada
A***s,"Diterima dengan baik, kualitas sesuai dengan harganya",5,0,gada
z***o,mantap,5,0,gada
F***r,"Proses pengirimannya cepet, respon chat adminnya juga cepet dan ramah, kualitas casenya bagus banget sih ini",5,0,gada
G***i,Casing nya enak digunakan nyaman dipegang. Recomended seller.,5,0,gada
Bagus,Barang bagus sesuai gambar dan kualiatas keren bgt,5,0,gada
J***a,"Kualitas barang cukup baik. Tipis, ringan, tapi cukup melindungi. Sebanding dengan harganya.",5,0,gada
D***i,"susah sampai. pengiriman cepat bgt, harga sesuai produk, suka banget terimakasihâ¤ï¸",5,0,gada
F***a,Bagus,5,0,gada
M***d,Sesuai harga la,4,0,gada
I***h,mungkin aku yang terlalu berekspetasiğŸ˜ƒ tapi barang sesuai dan tidak menipu,4,0,gada
M***M,Harga murah kualitas baguss bgt.. toppğŸ‘ğŸ‘,5,0,gada
R***l,Cepet kuning,4,0,gada
Dak,Top recommended keren case nya walau murah tp ga murahan ğŸ‘ğŸ»ğŸ‘ğŸ»ğŸ‘ğŸ»,5,0,gada
Andyka,Barang bagus dan murah semoga awet bos.,5,0,gada
Joseph,Bahan tebal dan dimasukan mudah sekali hpnya â€¦ yg jelas tokonya recommended bgt fast response dan langsung dikirim 2 hri sampe pake bebas ongkir posisi di smg,5,0,gada
Monet,Mantap,5,0,gada
Sulthan,Mantap.sesuai harga,5,0,gada
Hafizh,Best deal. Thanks,5,0,gada
a***t,"beli 5, yang dateng cuma 1. Semoga berkah terus ya jualan kaya gini.",1,2,gada
M***d,casenya bagus dan sesuai digambar . semoga awat dan tahan lama hehehe,5,0,gada
ronNeY,salah kirim.. mohon lbh teliti lg sblm kirim pesanan..,3,0,gada
M***a,Bagus2 bust ipon se gen 1,5,0,gada
ZIA,gada,5,0,gada
D***r,Ternyata terlalu tipis casingnya dan pocket tempat kartunya ternyata ga ada alas casingnya jdi kartunya nggesek langsung kebagian hp,4,2,gada
Junaedy,"pengiriman cepat, packing mantap, respon seller bagus, kualitas barang ok",5,0,gada
Merry,"Brgnya sih gak salah, tapi ukuran nya yang salah. Jadinya dibuang saja krn gak bisa dipakai. Tolong lain kali kalo dichat dibalas ya menunjukkan itikat baiknya",5,0,gada
Lukas,OkeyğŸ‘,5,0,gada
R***i,sangat amat berfungsi thank you,5,0,gada
S***o,"Case bagus lah untuk harga segitu bahan tebal karet kaku, delivery lancar",5,0,gada
S***a,"ğŸ‘ğŸ» barang sampai tepat wkt, kondisi mulus sesuai deskripsi",5,0,gada
Ismaniar,gada,5,0,gada
A***h,"ok bagussss,,",4,0,gada
Y***a,"barang bagus, sampai tepat waktu, terima kasih",5,0,gada
Maulana,"cepat menguning, ada harga ada kualitas",1,1,gada
Fimalian,"untuk ip warna putih cocok sekali, kerens",5,0,gada
ochieta,"Keren banget mantul banget, cepet bgt datengnya... baru semalem pesen, eh siangnya udah nyampe aja... semoga semua penjual pada gercep semua kayak gini saya suka saya suka",5,0,gada
N***a,Bagus murah,5,0,gada
j***r,Udh nanya d chat ini buat ip 7 kan. D jawab iaa. D kirim nya 7+ . D chat cmn d read doang. Pdhal klo di jwab stidaknya say sorry gk jd masalah ğŸ˜ª,1,1,gada
Edilee,gada,5,0,gada
M***i,pesen tgl 8 dikirim tgl 10 nyampenya tgl 11 pdhl deket bgt:),5,0,gada
Endang,Pas dengan HP.. sesuai deskripsi. Thx,5,0,gada
N***l,"ternyata bolong ya belakangnya, okelahh",5,0,gada
Joko,Mantaf,5,0,gada
Edilee,"mantap, pengiriman juga sicepat banget",5,0,gada
A***s,"Bagus bgt kak & kokoh, mksh kak ğŸ™ğŸ»",5,0,gada
P***t,Pesan 2 yang dikirim cuma 1. ğŸ˜” Mau minta balikin uangnya ko ya.. riweuh.. yaudahlah..,4,0,gada
hendro,ğŸ‘ğŸ‘ğŸ‘ğŸ‘ğŸ‘,5,0,gada
Ratih,Kayanya sih bagus. Ga tau ga liat produknya. Beliin buat pacar. Abis dibeliin malah putus :(,5,0,gada
O***a,barang tidak dikirimkan,1,1,gada
R***i,Recommend,5,0,gada
Putri,Good,5,0,gada
Devi,Oke,5,0,gada
B***k,Sesuai pesanan. Mantul.,5,0,gada
muhammad,"iseng scrol ternyata bisa bayar pakai point kaget dapat notif dikirim ğŸ¤­ Seller agak slow tapi mantap barang sesuai pesanan, makin banyak yang order semangat dan makasih ğŸ”¥ğŸ”¥ğŸ™ğŸ»",5,0,gada
A***s,"Penjual yang lucu. Rela ngerusak reputasi harga diri demi barang seharga 10.000 yang ga dikirim. - saya pesan case dan tempered glass lalu paket tiba tanggal 3 mei - yang dikirim hanya tempered glass, itu pun posisinya tidak didalam bubble wrap, jdi tempered glass nya ada di luar wrap nya, padahal wrap nya ada dalam kardus, untuk ga retak pas sampe - case nya tidak ada dalam paket, saya komplain lalu seller minta foto isi paket yang tidak ada case nya, setelah saya kirim, mereka blg akan segera dikirim. - tanggal 9 mei saya tanya apakah barang sudah dikirim, lalu dijawab â€œsudah dikirim kemarinâ€ yg berarti tgl 8 mei dikirimnya - tgl 17 mei saya chat lagi tanya knapa barang blm sampai, lalu hanya blg maaf atas keterlambatannya Ini mah bukan terlambat, tp emang ga dikirim, segitu susah nya usaha jaman skrng 10ribu aja dicolong. Tenang, komen saya ga akan bikin orang jadi ga beli di toko u kok :) Cuma ya ada malu dikit aja lah, masa iya barang 10ribu sampe dicolong n mesti bohong ke customer. Gw kan masih misqueen, jadi 10ribu gw pasti gw komplain.",5,2,gada
A***a,Bagus bagusssâ€¦ But the emoney did not work properly. Jadi balik lagi ke lanyard heheh. I recommend you guys to put on some protector for your camera if you want to use this case. Overall this is good. Thx!,5,3,gada
Erica,Potongan kartu kurang simetris but ok lah,4,0,gada
F***q,Good,5,0,gada
Ike,gada,5,0,gada
G***y,"Penjual responsif dan cepat proses barang. SiCepat benar-benar Halu yahud dah, hanya selang 1 hari setelah proses oleh penjual, dan barang pun tiba. Puas! Produk sendiri sesuai dengan harapan. Terimakasih dan sukses slalu!",5,0,gada
Jonathan,Kerennn bgttt,5,0,gada
Burhan,gada,5,0,gada
F***i,Ya bagus,5,0,gada
A***s,Seller kebanyakan duit lama banget responnya,3,0,gada
Muhajirin,"Barangnya sudah sampai walaupun tdk secepat perkiraan, mungkin lg padet pengiriman sblm hari Raya. Thx anyway!",5,0,gada
T***n,"barangny tidak sesuai deskripsi,krn ternyata bukan pocket,melainkan bolong di bagian belakangnya dan kartu nempel di bgn badan handphone.dan 1 hal lg,pengirimannya dr toko lama sekali...",3,0,gada
FF,Pengiriman sesuai cepat dan harga bersahabat. Sukses selalu jualan nya.,5,0,gada
Nugroho,ok bangets,5,0,gada
Indra,"Barang diterima dengan baik, sesuai dengan pesanan, kualitas produk oke. Mantul.",5,0,gada
B***u,Packing baik lengkap Barang sesuai mantappppp,5,0,gada
P***t,"Ini ada kesalahan kirim, tp krn penjual responsif jd enak sih mau komplain. Brg yg dtg juga kualitasnya oke dg harga segitu",5,0,gada
R***y,penjual tidak fleksibel,1,1,gada
P***i,"Harga relatif murah, kualitas bagus, pengiriman cepat. Tks",5,0,gada
M***a,"Kamera masih menonjol keluar, kata adminnya tidak",3,1,gada
Ardian,pesan buat iphone 7 yg dtg case iphone 6,1,1,gada
Badai,terimakasih saya suka produk nya,5,0,gada
Frankie,Murah tapi ok,5,0,gada
Leni,agak kecewa sih sma pengiriman kali ini tp untung brngnya bagus sesuai keinginan & harganya jg murcee bgt,4,0,gada
OCA,"bahan softcase pada umumnya, kantong pocket cardnya juga pas",3,0,gada
MayaDewi,Oke bangetğŸ‘ğŸ»,5,0,gada
Moh,ğŸ‘ğŸ‘ğŸ‘ğŸ‘ğŸ‘ğŸ‘ğŸ‘ğŸ‘ğŸ‘ğŸ‘,5,0,gada
Nia,Bahanâ€™a bagus dan tebal,5,0,gada
Susetyo,"barang bagus sesuai deskripsi, respon seller baik & cepat",5,0,gada
andri,"total belanja 4 jenis = 70rb . cash back nya 35 ribu, diselipin di case. haha. barangnya bagus juga. delivery langsung. rekomen seller",5,0,gada
M***M,mantap,5,0,gada
S***n,Normal brgnya ssuai sm harga,4,0,gada
Erlina,Ok,5,0,gada
nidya,bagus barangnya dan harganya murah. casingnya bisa masuk 1-2 kartu.,5,0,gada
Nurhijati,gada,5,0,gada
A***y,mantap.. biar bintang yang berbicara,5,0,gada
I***m,di iphone 5s gak bisa tapping busway. ada yg tau knp?,4,0,gada
Derrick,mantap,5,0,gada
Herman,mantap.................. sesuai pesanan,5,0,gada
m***a,barangny cepet sampai dan sesuai dengan deskripsi,5,0,gada
D***i,"Lebih teliti lagi ya kak, soalny udah nunggu bgt untuk casenyaaa",4,0,gada
U***B,Recommended seller. Udah langganan,5,0,gada
Ananda,Lucu banget casingnyaaaağŸ’•ğŸ’•ğŸ’•,5,0,gada
Yoga,"casingnya oke, bisa buat taru kartu di case",5,0,gada
A***a,gada,5,0,gada
F***h,"Barang kosong, pengiriman lama, diganti uang cash saat kirim bsamaan brg yg lain",1,1,gada
Firman,Yg di pesan iphone 6 yg datang 6 plus. Di catatan sudah di info iphone 6.,1,1,gada
S***a,"Pesen case, uda chat mastiin, eh yg nyampe duit dibalikin",1,1,gada
Riko,Keren,5,0,gada
m***y,Ok,5,0,gada
Bambang,"Barang berfungsi dengan baik, respon baik",5,0,gada
E***y,Kenapa kalo kosong 1 model ngga konfirmasi dulu boskuuj,4,0,gada
g***g,Bagus,5,0,gada
S***n,Pengiriman ke jkt sehari aja. Keren barang jg okeee,5,0,gada
Theresia,okeeeeeeeeeeeeeeeeeeee,5,0,gada
Muhammad,"murah banget mah ini, bahannya emang agak lemes tapi sesuai dengan harganya murah sesuai espektasi keren deh.",5,0,gada
Simon,"Salah kirim barang pdhal udah ditulis dinote untuk iphone8 dan chat juga sebelum kirim, yang datang buat iphone 8plus",1,1,gada
L***a,Beli 2 yang datang cuma 1,1,1,gada
F***a,gada,5,0,gada
Y***T,puas,5,0,gada
A***n,"barang oke sesuai harga, respon penjual oke",5,0,gada
F***y,Product sesuai deskripsi namun pengiriman lambat.,3,0,gada
stefanus,Biarkan bintang yang berbicara,5,0,gada
I***a,Lama kirimnya,3,0,gada
A***i,Yang ini sesuai,5,0,gada
Erfa,Baguus,5,0,gada
daniel,barangg baguss,5,0,gada
f***l,"Sesuai pesanan, 1 hari sampe ğŸ‘",5,0,gada
H***m,Nice,5,0,gada
Teddy,"barang lumayan bagus, respon seller cepat",5,0,gada
Indra,"Barang sesuai iklan, bagusğŸ‘",4,0,gada
Freeman,Respon penjual cepat pesan tgl 17 besoknya dateng,5,0,gada
S***a,Produk sesuai deskripsi dan foto dan berfungsi dengan baik. Seller sangat ramah dan responsif. Order diproses dengan cepat. Recommended seller!,5,0,gada
A***s,"Pengiriman cepat, ba",5,0,gada
A***x,"kalo yg ini baik-baik aja, tp no utk yg merah, thx",5,0,gada
j***e,Pengiriman cepat sampai,5,0,gada
Bebbo,good,5,0,gada
Dadang,Okeeee sippppp,5,0,gada
Rio,"cocok sama hp, masuk juga buat kartu",5,0,gada
Zahraa,gada,5,0,gada
Dodi,puas bgt belanja di sini. mantapsss,5,0,gada
Teshalony,good quality. fast packing and shipping. nice job!,5,0,gada
Linda,"Sesuai spec, qualitas barang bagus",5,0,gada
R***a,Terimakasih kualitas dan pengiriman nomor 1,5,0,gada
Ichsan,"hanya 1 item yg dikirim, yg lain direfund uangnya, dan kurang 1000. pengirim cepat dan packing rapi.",3,0,gada
Charles,barang sesuai dan bagus sesuai harapan terima kasih,5,0,gada
J***a,terima kasih seller barang sdh sampai. produk ok dan sesuai gambar tdk ada cacat,5,0,gada
M***a,"Barangnya bagus, saya puas belanja disini, pengirimannya pun cepat, terima kasih ğŸ‘Œ",5,0,gada
Ping,Cashing nya mantap ğŸ‘ğŸ‘,5,0,gada
adisty,bagusss,4,0,gada
i***e,"baarang sesuai pesanan dan foto,packaging aman,kualitas produk baik,pengiriman cepat",5,0,gada
i***e,"baarang sesuai pesanan dan foto,packaging aman,kualitas produk baik,pengiriman cepat",5,0,gada
yuda,Ok,5,0,gada
J***e,belinya 2 case tapi yang dikirim cuman 1 case. tolong yah jangan kayak gini caranya.,1,1,gada
Rhema,"produk sesuai deskripsi, reponse seller cepat",5,0,gada
Dee,Keren harga murah kualitas oke banget,5,0,gada
F***n,"Pesanan cepat datang dalam sehari, seller memang moy, semoga berguna casingnya untuk menyelipkan kartu e-money ğŸ˜Š",5,0,gada
Adityo,bagus.. mantap...,5,0,gada
E***o,"Makasih,",3,0,gada
Ibnu,mantapppp,5,0,gada
yusuf,Kualitas produk,5,0,gada
H***i,"Seller sangat responsif, barang murah dan bagus, packaging jg aman, recommended!",5,0,gada
B***a,joss anjim cepet banget gilak,5,0,gada
H***y,Barang sesuai dan seller responsif,5,0,gada
Bagasraga,"nice, tapi aing salah pilih...harusnya 7biasa ga pake plus anjim",5,0,gada
A***n,"sangat worth it, murah tapi kualitas oke",5,0,gada
Caroline,Case sudah sampai. Kualitas bagus. Puas. Terima kasih.,5,0,gada
aldo,harga murah dan lumayan berkualitas barangnya,5,0,gada
gyan,barang bagus,5,0,gada
Martha,Good product,5,0,gada
marika,"Ini keren siyh, pinggirannya ada gradasi untuk perkuat grip. Harga murah ga kaleng2 yang dateng.",5,0,gada
A***s,kurang suka sama hasil aslinya,4,0,gada
Kezianats,bagus,5,0,gada
M***n,good,5,0,gada
ARI,Pas...keren,5,0,gada
Hanief,Seller respon nya cepat..,5,0,gada
Clara,Bagus bgt kualitasnya! Packaging jg rapi! Barang sampai dgn selamat,5,0,gada
C***a,ğŸ’¯,5,0,gada
S***a,"Ga responsif, kirim lama, ga profesional",2,1,gada
B***i,Kualitas bagus dan murah,5,0,gada
D***l,"Kualitas produk lumayan bagus... namun, waktu pengiriman terlalu lamaaa ğŸ˜…ğŸ˜…ğŸ˜…",4,0,gada
D***s,gada,5,0,gada
P***y,"pesan 4 barang, datang cuman 2 barang diselipkan uang 12rb untuk ganti, 12rb cm bs ganti 1 barang, bukan 2 barang",1,5,gada
Y***i,barangnya puas tp pengirimannya lambat bgt,5,0,gada
Muhamad,"Bagus juga alternatif buat naro atm , tapi syg bgt takut lecet hp dan kartu nya juga takut rusak",5,0,gada
Agung,Harga murah bgt... pengiriman juga cukup cepat sekitar 2 hari sudah sampai... sukses terus,5,0,gada
Yugi,"Pas banget, harga sesuai",5,0,gada
Mutiara,terima kasih utk konfirmasi dan fast responnya. barang yg diterima bagus bagus ğŸ˜Š,5,0,gada
Harsel,Produk sesuai pesanan. Pengiriman cepat. Terima kasih.,5,0,gada
R***n,Terima kasih,5,0,gada
D***d,"Casingnya Murah Meriah, Serve the purposed. Pengiriman lumayan lama.. pesan rabu/ kamis hari senin baru tiba entah kenapa.",4,0,gada
J***n,Intinya ini toko bagus bgt no endors ya pokoknya kalian harus beli dsini,5,0,gada
R***a,Seller ga konfirmasi klo barang kosong dibalikin uang cash,2,0,gada
K***a,gada,5,0,gada
bambang,Barang bagus banget sesuai ekspektasi dan ada card pocketnya sangat berguna mantap brooo,5,0,gada
Sahril,barang bagus sesuai orderan proses dari order dan pengiriman cepet banget - terimakasih,5,0,gada
Riscaa,gada,5,0,gada
ifla,Terima kasih barangnya sudah sampai sesuai pesanan ğŸ™,5,0,gada
lulu,Sesuai pesanan dan sesuai dg harganya.,5,0,gada
f***l,Kualitas bgs buat harga sgini terlalu murah. Pengiriman super cepat topp,5,0,gada
Sucirahmafauziah,Bagus banget barang nya tapi kenapa ga sesuai ğŸ˜­ğŸ˜­ bukan type hp aku,4,0,gada
Endro,"mantab, terbaik.... case nya",5,0,gada
Novanti,"Pesanan telah diterima dg sangat baik. Proses pengiriman agak lama. Untuk barang, kondisi baik. Tapi kurang melindungi. Tempat memasukan kartu justru bisa bikin goresan di backdoor.",5,0,gada
Muhammad,puasss.. seller ramah.....,5,0,gada
Rani,pesen buat iphone 6 malah di kirim iphone 6s plus â˜¹ï¸â˜¹ï¸,3,0,gada
C***y,Good quality,5,0,gada
Lia,bagus barangnya,5,0,gada
Febriana,Saya belum terima paketnya!,1,1,gada
Yocky,Pengiriman cepat. Kualitas bagus. Sekiga awet.,5,0,gada
Ryan,pas cepat,5,0,gada
Ping,Asal kirim produk,1,4,gada
Muhammad,"Mantap, cepet sampe, barang bagus !!",5,0,gada
M,Bagus banget,5,0,gada
N***i,Bagus sesuai dengan gambar dan casenya fit banget di iphone 6,4,0,gada
S***n,Terima kasih barangnya sudah di terima dengan baik dan sesuai pesanan,5,0,gada
Ramadhanu,Barang bagus ğŸ‘ğŸ»ğŸ‘ğŸ»ğŸ‘ğŸ»ğŸ‘ğŸ»,5,0,gada
P***a,"Dikira akan kirim hari Senin, ternyata di hari Minggu tetap ada pengiriman. Product memuaskan!",5,0,gada
J***n,Casingnya oke dan ga cepet kuning,5,0,gada
I***n,Yg diminta apa yg dikasih apa,1,2,gada
G***y,"barang sampai under 24 hours! gokil sih... pdhal pake ongkir yg paling murah, ini orderan kedua.. sama kualitas nya dengan sblmnya, mantab, pertahankan",5,0,gada
Grha,"Mantap, barang bagus meskipun murah",5,0,gada
D***u,gada,5,0,gada
Suwarni,"Sip deh, tdk mengecewakan, tmksh",5,0,gada
Rei,permium abis,5,0,gada
s***r,"Ada Harga, Ada Kualitas. tapi sayang banget, bahannya gak anticrack yang keras, tapi bahannya kaya casing yang lentur",5,0,gada
a***c,dr pengemasan sampai pengiriman lumayan lama.,3,0,gada
Bella,Beli 2 dikirim 1. Sudah di chat untuk dikirim kekurangan nya kayanya mau di refund. Sudah saya kasih nomor rekeningnya tapi sampe berjam jam ga ada respon apa apa... tadinya mau langganan disini tp karena servicenya kurang jd ga akan beli lg deh disini...,3,2,gada
Azam,Pesen dua bayarnya 2 di kirim 1,3,1,gada
A***t,"Bagus si, serasa pake hp baru lg",5,0,gada
E***a,p,5,1,gada
Ericka,Fast respon dan barang sesuai dengan kriteria n gambar,5,0,gada
Devy,-,2,0,gada
H***I,gada,5,0,gada
Rega,"Ternyata bolong ya blkngnya, bisa naro kartu tapi bakal ngegores body hp",3,1,gada
E***n,kartu jadi agak melengkung di ujungnya..,4,0,gada
J***a,Pesanan sesuai deskripsi,5,0,gada
NIA,cakeeebbbb,5,0,gada
Guntur,Sip,5,0,gada
A***m,Barang manthullll booossss. Harga murah tapi bukan murahaaan gaaayyysssss,5,0,gada
Lucky,"Ternyata case nya yg di beri sobekan utk kartu, spt kantong doraemon",5,0,gada
Ratnawati,"Respon cepat, kirim cepat, barang sesuai deskripsi.",5,0,gada
B***u,Barang cepat sampai. Qualitas sesuai expectasi.,5,0,gada
Rahajeng,Mantabss,5,0,gada
Z***a,"thankyou, bagus sesuai ekspektasiğŸ¥°",5,0,gada
Rifaldi,yey pengiriman cepat dan sesuai deskripsi saya suka ğŸ‘ğŸ™ğŸ¼,5,0,gada
Ivan,Cepat pengirimannya mantap deh,5,0,gada
Yuda,"Real pict, sampe destination juga cepet gak sampe 24 jam. Thanks seller",5,0,gada
Don,Biasa aja si,4,0,gada
B***s,"case pas,mantab",5,0,gada
A***i,"Barang real pict,puas banget.sesuai diskripsi",5,0,gada
Anwar,Kereeen gan..sesuai dengan pesanan..terima kasih gan..pengiriman cepat..admin Responnya mantaab,5,0,gada
Azhar,keren bat...,5,0,gada
Eva,Sudah langganan disini.. barangnya berkualitas dan pengirimannya juga cepat serta adminnya ramah dan fast respon,5,0,gada
AL,mantap,5,0,gada
Arif,"Barang sesuai dengan deskripsi, suka banget~ Makasih banyak seller dan tokped :)",5,0,gada
Nadia,nangid bgt barang dateng harga diskon:(,4,0,gada
Muhammad,"Barangnya unexpected, pengiriman cepet, wah banget pokoknya",5,0,gada
I***e,Caseâ€™nya pas..kaya aku dan dia,5,0,gada
Donald,Mantab barang telah tiba tepat waktu kualitas barang luar biasa ciamiiiğŸ‘ğŸ‘ğŸ‘ğŸ‘,5,0,gada
Septian,Mantab bosqu sukses terus,5,0,gada
f***h,Good quality and good promo ğŸ¥°,5,0,gada
ADF,Puas banget,5,0,gada
Diyas,harga murah kualitas ga murahan,5,0,gada
G***y,"kualitas dan finishing halus untuk harga segini, bahannya juga nggak terlalu tipis yang gampang mleot gitu, bersaing sama yg harganya 3-5x lipat... baru dikirim malam dari jkt ga sampai siang udah diterima di tangerang, super banget pelayanannya...",5,0,gada
P***i,"penjual fast respon, recommended seller",5,0,gada
Amelia,Sesuai deskripsi dan pesanan. Harganya lebih murah dari toko sebelah. Pengemasan dan pengiriman lumayan cepat,5,0,gada
Idewira,"respon bagus n cepet, langsung kirim.. blm sempat coba karna barang ada di rumah, dari foto sih uda kliatan bagus bgt dgn harga segitu.. thanks",5,0,gada
mzakialfindo,kualitasnya bagus rekomended,5,0,gada
HERRY,"Barangnya sdh sampai namun ada kesalahan, tetapi penjual maubtanggung jawab dan respon dgn cepat, sukses ya",5,0,gada
H***y,"sudah diterima dengan baik, kualitas bagus. thx",5,0,gada
Vindy,Product bagus.. pengiriman cepat.. thank seller,5,0,gada
P***a,"Casenya engga mengecewakan, tapi saya pesan 5 case eh yg datang cuma 4 case, ya di refund sih kekurangan 1 case nya, tapi kan saya butuh barangnya :(",4,0,gada
rio,Fast respond,5,0,gada
S***y,Penjual ramah bangettt bahkan aku lupa cantumin keterangan tipe hp ttp ditanyain ga asal kirim gt aja Thnk u,5,0,gada
Sulastri,Dapet harga yg murah tapi barangnya bagus,5,0,gada
Piet,Casing sesuai deskripsi.,5,0,gada
G***a,Jadi cakep.... Murah meriah mewah mantaps,5,0,gada
Intan,gada,5,0,gada
Fauzi,Mantap jiwa,5,0,gada
babyearthclothing,ini juga ngga abal2! murah tp ga abal gitu lohhh bagusss,5,0,gada
W***y,barang telah diterima dgn baik,5,0,gada
Fazmy,udh di bilang buat ip 7 plus malah 5 plus yang dateng,1,3,gada
vincent,"Cocok dng iPhone 7 Plus saya, jadi kelihatan baru hp nya",5,1,gada
Ade,Kualitas barang bagus dan sesuai ekspektasi. Pokoknya PUAS ğŸ‘ğŸ¼ğŸ‘ğŸ¼ğŸ‘ğŸ¼,5,0,gada
Meris,cpt. n rapi,5,0,gada
M***d,mantuuuul,5,0,gada
Minar,Pengiriman sesuai. Barang juga baru dan ternyata case nya tuh bagus bgt gada goresan sedikitpun. Mulussssss bgt ! Puas & murah disini fix beli lagi next time!,5,0,gada
Y***i,"Sudah diterima dgn baik, makasih",5,0,gada
Stevanus,Murah tapi keren,5,0,gada
David,Ya not bad la. Brg nya lumayan tebal Cman x ini agak lama ya pakai anter aja.,3,0,gada
r***i,Pesen 2 tetapi dikirim 1. Barang kekurangan tidak dikirim tetapi hanya refund saja padahal jualan nya masih jalan terus.,4,0,gada
Candra,produk sesuai deskripsi,3,0,gada
Farah,Barang oke. Bahannya bagus. Memuaskan.,5,0,gada
A***s,Cukup ok Untuk Harga 15K. Saat masukan Kartu kedalam maka kartu akan bersentuhan langsung dengan body HP karena tidak ada penyekat.,5,0,gada
N***i,"Thank you, cepet dateng nya",5,0,gada
Iis,Terimakasih,5,0,gada
Sonny,Muantapz semuanya.,5,0,gada
Liauw,Biar bintang bicara di langit yang syahdu ini...TOP ABIEZ,5,0,gada
Agil,,5,0,gada
Banyudwi,Barang yg dipesan 2 buah yg datang cuma 1,2,1,gada
Maria,Sukkkkaaaaaa,5,0,gada
Triyo,Mantap lah,5,0,gada
A***i,Tebel Bagus Rapih Ga licin Seller jug rmah dn mantap pengirimnny,5,0,gada
Kania,Bagusssss,5,0,gada
Shawn,"Memuaskan, kwalitas bagus. Pas bgt sama hp nya",5,0,gada
diva,ğŸ‘ğŸ‘ğŸ‘,5,0,gada
Nabila,Bagusssss,5,0,gada
Dedy,"Case nya keren banget, kokoh dan ada tempat naro kartu flazz atau emoney",5,1,gada
E***n,"Bagus dan elegan, harga murah",5,0,gada
Naryo,Matap ada anti slip,5,0,gada
E***n,"Oke, sesuai harga.",5,0,gada
Muhammad,Pengiriman cepat,5,0,gada
Lamoda,bahan tipis oke bening bersih,5,0,gada
E***n,Bahan ga keras.. nyaman bngt,5,0,gada
S***o,Barang bagus,5,0,gada
WIENDY,bagus sekali,5,0,gada
April,Casing sangat baik dan berguna banget ga abal2 pokoknya. Respon dan pengiriman pun baik. Terima kasih. Makin sukses!,5,0,gada
Ahmad,"Bismillahirohmanirohim assalamualaikum warrohmatullohi wa barokatu terima kasih untuk seller yang baik hati, perkenankan saya menyampaikan sedikit review sebagaimana saya telah mencoba, memeriksa meneliti , hingga menimbang dengan berbagai aspek-aspek kehidupan hingga jatuhlah pilihan saya untuk berbelanja di toko ini,semula saya sedikit ragu, tapi saya percayakan Alloh mengatur semua apa yang terjadi, takdir jodoh dan rejeki dari awal pengiriman, toko ini bekerja dengan cukup memuaskan,walaupun saya tidak bisa melihat senyum, bahkan tidak bisa melihat yang mengemas ini pria atau wanita, karna berbelanja online, tapi dari segi kemasannya cukup rapi dan terlindungi, bahkan penulisan alamat pun tidak kurang satu huruf pun yang bermasalah hanya di kurir, kadang kurir di tempat saya perjalanannya cukup jauh dari lokasi saya, skitar 7km, itu yang membuat barang sedikit terlambat, karna banyak yang harus di antar, sedangkan kurirnya memakai motor dan slot bagasi terbatas, jadi harus menunggu ke esokan harinya walaupun barang sudah sampai di cabang tapi , begitu tiba di sini, kurirnya saya sambut dengan karpet merah, dengan berbunga2 saya menerima paketnya perlahan lahan saya buka bungkusnya agar tidak lecet capek juga, bungkusnya berlapis-lapis, kalah-kalah pengamanan presiden, akhirnya kebuka juga , masih tersegel rapi dan kinclong, serta tidak lecet , penyok maupun ada bau kentut dari kurirnya saya coba, dan pakai setiap hari, memang mantap dan top markotop toko ini tak lupa saya pamer juga ke tetangga sebelah, paman, ponakan, ibu bapak kakek nenek ,om tante, adik , kakak, istri, mantan istri , mantan pacar, kucing, dan kucing tetangga, mereka jadi ngiri dan pengen juga kaya yang saya beli ini saya selalu berkata dalam hati, ini toko memang top, saya pasti akan belanja lagi di sini, sudah saya follow, bokmark dan wishlist produk2 dari toko ini buat inceran bulan depan pas gajian, oh ya denger2 gosip lambe turah, katanya syahroni dan girang niji belanja di sini walaupun kadang ada suka duka terhadap seller ini saat chat, tapi persoalan pribadi dan dendam hanya membawa kerugian bagi diri sendiri dan orang lain, jadi alangkah baiknya saya hanya memberi review yang baik saja bagi saya itu hanyalah asam manis pahit dan pedasnya kehidupan duniawi semoga juga bapak presiden belanja di sini dan di pakai pada saat press kompers di tipi sehingga jadi viral dan laris karena biasanya beliau sekali pakai produk, langsung di buru oleh netijen... sembari melepas penat, bertemankan sekotak kopi instan 200ml , aku pakai barang yang baru aja ku terima ini buat menemani kesendirianku kupandangi dari berbagai sudut, seperti aku cukup berbangga diri. karena barang ini berkualitas cukup baik dengan harga miring jika di bandingkan dengan toko . sesekali aku memeluknya sembari mengibas asap rokok yang berkepul memenuhi ruangan hampa mahluk hidup ini ini lah barang yang ku dambakan, ku impikan bak memimpikan seorang wanita dalam tidurku.. nanti juga insya alloh saya akan sarankan untuk belanja di sini pak putin, mas trump, mbak hilari , mas erdogan, om kim jong un, obama, sby, megawati, prabowow, bj habibi, kakek bush , kalo lagi papasan atau pas ketemu dan perlu juga di ketahui, sering saya browsing item2 di sini di newsfeed, nunggu update an terbaru, serasa nunggu pacar baru, bookmark dan liat saldo bank... menyedihkan emang, sisa saldo tidak mencukupi untuk melakukan pembelian ini.. ya mo gimana lagi... saldo tak sebanyak keinginan yang akan di beli.. :( terpaksa beli yang paling di butuhkan saja nunggu saya jadi peresiden dulu dah nanti saya borong belanja di sini jadi jangan bosen2 kalau nanti ada orderan dari saya lagi yang pasti saya akan belanja lagi di sini, insya Alloh mungkin banyak yang belum tau, saya bekerja sebagai programmer freelance, hanya demi memenuhi hawa nafsu belanja saya yang tidak tersalurkan di masa kecil kurang bahagia saya tapi sebelumnya saya mohon maaf karna telat kasih review, karna saya harus berfikir dulu kata kata yang tepat , cermat dan teliti agar tidak menyinggung seller yang baik hati ini selain itu saya juga kordinasikan dengan aparat setempat tentang penulisan kata2 yang baik agar dapat di terima oleh segala elemen masyarakat apalagi ini menyangkut kenegaraan, dan kebangsaan, karna saya takutnya sebuah saran dan review kinerja menjadi kritikan, akhirnya kita menjadi terpecah belah oleh kesalahan kalimat atau kata kehidupan ini terlalu berarti untuk di rusak oleh dendam. hindari perselisihan, dan jadikan itu adalah sebuah peringatan terhadap diri sendiri . karena sejatinya agama mengajarkan kita untuk mencintai sesama mahluk hidup dan menghormati benda mati.. jujur ini review walaupun memang lebay, tapi setidaknya dapat membuat pembaca tersenyum, penjual merasa terbantu karna ada review, itu artinya secara tidak langsung review lebay ini membantu seller toko ini dan semoga ini jadi pahala, walaupun hanya setitik, namun bermanfaat daripada saya tulis review hanya sekedar kata makasih.. dan tak lupa juga saya haturkan banyak terima kasih untuk tukang kemasnya, penerima order, serta juru kirim, dan juga pak rt pak rw, pak camat, lurah, bupati, gubernur, walikota, paspampres, mentri , maupun presiden, juru parkir, pilot , driver, petugas logistik dll yang telah memberikan kemudahan dalam berbelanja, dan tidak memberatkan para pengusaha online seperti ini karna ini semua berkat kerjasama dan keterlibatan mereka , dari awal hingga barang ini saya terima .. tanpa peran dari mereka, mungkin barang ini hanya akan menjadi bungkusan tak berguna di gudang penyimpanan .. kadang saya berfikir apakah mereka tahan banting, kerja siang malam , bekerja mencari nafkah , mengirimkan barang , kadang jatuh, rusak hilang dan mereka harus menanggung sendiri kerugian tersebut, di situ kadang saya merasa sedih belum di caci maki pelanggan yang tidak sabaran seperti jenis saya, telat 1 hari kena denda.. banyak hal yang saya fikirkan terhadap keadaan situasi dan kondisi perekonomian saat ini bahkan saham2 yang saya beli rontok ga jelas, walaupun gada hubungan sama toko ini maupun kurirnya tapi itu berimbas terhadap rutinitas belanjaan saya yang harus tersendat sendat yang biasa beli 3 jadi maruk belanja 10 item, padahal dalam kondisi terjepit untuk itu sekiranya bapak presiden baca review ini kalau lagi belanja sini, di mohon kiranya memberikan kemudahan dalam menghabiskan uang di toko ini. serta meningkatkan taraf hidup para kurir agar mereka sejahtera dan mampu beli rumah sendiri serta tidak memungkinkan untuk punya istri sendiri bagi yang jomblo sekian dari saya, semoga review singkat saya dapat memberi arti dari kehidupan di sini yang lain bagi para calon pembeli , serta dapat memberikan sisi positif dan dampak yang baik bagi kehidupan di negara kita ini Wabillahitaufik, Wassalamualaikum Warrohmatullahiwabarokatu",5,0,gada
Matiz,"I was order case of Iphone XS MAX, but I had received case of Iphone XS. wrong size... but, inspire of complant I should be return wrong case , first. I did't want responsiblity the cost of seding for return. because, It is more higher cost than buying rate. so, I gave up processing return.",1,6,gada
S***I,barang sesuai thx,5,0,gada
Daniswara,Barannya bagus bangett cm hari ini aja ada keterlambatan pengiriman (JNE) Jd telat 1 day lainya okay lahh,5,0,gada
Nuhindra,Brg cocok udah sampe,5,0,gada
Kurnia,"Multifungsi, skrg bs taro atm atau emoney dicase! Anti jatoh atau ketinggalan deh, yuhu",5,0,gada
N***a,"WAAAAA BAGUS BGTTT dan murah bgttt sesuai sama yang dipengen, yang lain mah mahal2 bgt!!! tp yg ini murah bgttt bahkan udh langsung dipake",5,0,gada
S***o,Sesuai harga,5,0,gada
G***s,Pengiriman cepat sekali dan barang aman,5,0,gada
Ilham,okelah barangnya.... berharap ada warna lain yg ready juga,4,0,gada
M***M,Pengiriman cepat. Kualitas produk bagus,5,0,gada
Dono,Mantap bagus delivwry cepat,5,0,gada
M***S,"Case lumayan tebal, barang sesuai gambar & deskripsi, harga so so, pengiriman cepat utk ke jakut (pagi ini pesan, bsk siang sampai), packing aman, seller cukup responsif. Utk iphone 7 & 7+ tombol volume, port charger, pocket kartu/polaroid dll pas bgt, mantap lah ğŸ‘ğŸ» Tapi yg utk iphone 7+ agak somplak dikit dekat port charger ğŸ˜¢ semoga next lebih okelah..",5,0,gada
F***a,"case nya bagus, packing rapih, pengiriman cepat",5,0,gada
S***i,Bagus. Tebal juga. Sesuai,5,0,gada
P***o,Respon seller baik. Barang menurut saya berkualitas nmn dengan harga yang ekonomis. Rekom bingitz.,5,0,gada
N***a,Fit banget sama hape dan pengiriman aman,5,0,gada
Krisnawan,Bagus,5,0,gada
A***f,"Cuma rada kurang presisi sih dilubang bagian flash nya,sisanya bagus, packing cukup bagus",4,0,gada
Raihanna,,5,0,gada
M***a,"Suka sama yang ini, useful bisa buat naruh kartu, simple pula,thank u Minn",5,0,gada
Agung,Mantabb barang ajib,5,0,gada
Paula,Bagus,5,0,gada
Nina,"So far so good, dr pesen 3 msh kurang kirim 1 item lg. Tp penjual udh tulis di kuitansi nya kl mau refund.",5,0,gada
M***a,"Baguss banget casenya, sesuai ekspektasi lah :)",5,0,gada
wulan,Yg ini bnr semua thx,5,0,gada
H***y,"Mana sisa casing sy ??? Masa bayar 3, dapet nya 1 ??? Holaaaaaa ????",1,3,gada
Maria,"Kirain hardcase ternyata soft case tp gpp. Dan bagus brgnya, disisi kanan & kiri ada grip handlenya jd gak licin.",5,1,gada
Muhammad,"Barangnya oke, penjual responsif tp pengirimannya msh kurang gan,. Semoga ke depannya bsa lbh cepat,. Tp tetep 5 bintang meluncur.",5,0,gada
